<?xml version="1.0" encoding="UTF-8"?>
<project-private xmlns="http://www.netbeans.org/ns/project-private/1">
    <editor-bookmarks xmlns="http://www.netbeans.org/ns/editor-bookmarks/2" lastBookmarkId="0"/>
    <open-files xmlns="http://www.netbeans.org/ns/projectui-open-files/2">
        <group>
            <file>file:/G:/Min%20enhet/PRR1_TE24AD_VIggo_Rostmark/Slutprojekt/Slutprojekt_tetris/src/Spelplan.java</file>
            <file>file:/G:/Min%20enhet/PRR1_TE24AD_VIggo_Rostmark/Slutprojekt/Slutprojekt_tetris/src/Fönster.java</file>
            <file>file:/G:/Min%20enhet/PRR1_TE24AD_VIggo_Rostmark/Slutprojekt/Slutprojekt_tetris/src/Spelare.java</file>
            <file>file:/G:/Min%20enhet/PRR1_TE24AD_VIggo_Rostmark/Slutprojekt/Slutprojekt_tetris/src/PlanIndex.java</file>
            <file>file:/G:/Min%20enhet/PRR1_TE24AD_VIggo_Rostmark/Slutprojekt/Slutprojekt_tetris/src/FastaBlock.java</file>
            <file>file:/G:/Min%20enhet/PRR1_TE24AD_VIggo_Rostmark/Slutprojekt/Slutprojekt_tetris/src/Block.java</file>
            <file>file:/G:/Min%20enhet/PRR1_TE24AD_VIggo_Rostmark/Slutprojekt/Slutprojekt_tetris/src/Rityta.java</file>
        </group>
    </open-files>
</project-private>
